"year","group","group_label","sahko_gwh","lampo_gwh","oljy_gwh","maakaasu_gwh","yhteensa_gwh","sahko_osuus","oljy_osuus","output","purchaser.oljy","purchaser.sahko","yksikkohinta_35_e_mwh","sahko_mwh_per_milj_e"
2021,"01","05-09 B Mineraalien kaivu",1619,108,355,0,2122,0.762959472196041,0.167295004712535,2611,203.138,177.974,103.053850607991,620.068939103792
2021,"02","10-12 Elintarviketeollisuus",2005,1767,435,354,4775,0.419895287958115,0.0910994764397906,12143,66.528,219.97,58.3165429480382,165.115704521123
2021,"03","13-15 Tekstiili ja vaateteollisuus",110,64,10,0,227,0.484581497797357,0.0440528634361234,1144,1.447,19.876,114.229885057471,96.1538461538462
2021,"04","16-17 Metsäteollisuus",10169,5208,1449,5254,84122,0.120883954256913,0.0172249827631297,23628,29.119,1075.564,69.9462834102881,430.379211105468
2021,"05","19-22 Kemianteollisuus",6258,3852,7780,1406,21784,0.287275064267352,0.357142857142857,24016,840.938,543.818,53.7901088031652,260.576282478348
2021,"06","24 Metallien jalostus",5743,1143,385,1826,21148,0.271562322678267,0.0182050312086249,13356,113.661,398.942,57.935230903282,429.994010182689
2021,"07","25,28,29,30,33 Kone- ja metallituoteteollisuus",1967,1030,442,138,3632,0.541574889867841,0.121696035242291,34267,69.299,175.54,58.5719052385719,57.4021653485861
2021,"08","26-27 Elektroniikka- ja sähköteoll.",648,286,23,6,964,0.672199170124481,0.0238589211618257,17799,3.182,59.429,63.6284796573876,36.4065396932412
2021,"09","18,23,31,32 Muu tehdasteollisuus",1102,345,1010,403,3866,0.285049146404553,0.261251939989653,6197,97.109,109.365,75.5805114029026,177.827981281265
2021,"SS","Kaikki toimialat yhteensä",29621,13801,11890,9423,142639,0.207664103085411,0.0833572865766025,NA,NA,NA,NA,NA
2022,"01","05-09 B Mineraalien kaivu",1707,121,381,0,2263,0.75430844012373,0.168360583296509,2941,355.006,231.604,126.698030634573,580.414824889493
2022,"02","10-12 Elintarviketeollisuus",2019,1856,451,258,4798,0.42080033347228,0.0939974989578991,13515,75.373,312.926,80.7550967741935,149.389567147614
2022,"03","13-15 Tekstiili ja vaateteollisuus",140,64,33,0,263,0.532319391634981,0.125475285171103,1294,1.601,44.354,217.421568627451,108.191653786708
2022,"04","16-17 Metsäteollisuus",9618,5531,1805,4018,75145,0.127992547741034,0.0240202275600506,27257,61.061,1782.352,117.654762690607,352.863484609458
2022,"05","19-22 Kemianteollisuus",6270,3878,9076,674,22339,0.280675052598594,0.406284972469672,36074,2324.695,554.472,54.6385494678754,173.809391805733
2022,"06","24 Metallien jalostus",5538,1187,437,1696,18776,0.294951001278228,0.0232743928419259,17570,231.776,505.309,75.1388847583643,315.196357427433
2022,"07","25,28,29,30,33 Kone- ja metallituoteteollisuus",1974,1084,445,117,3672,0.537581699346405,0.121187363834423,37978,107.277,262.587,85.8688685415304,51.9774606351045
2022,"08","26-27 Elektroniikka- ja sähköteoll.",639,269,30,8,947,0.674762407602957,0.0316789862724393,21264,6.946,76.495,84.2455947136564,30.0507900677201
2022,"09","18,23,31,32 Muu tehdasteollisuus",1097,331,1038,358,3829,0.286497780099243,0.27108905719509,6940,125.963,164.388,115.117647058824,158.06916426513
2022,"SS","Kaikki toimialat yhteensä",29002,14323,13697,7149,132034,0.219655543269158,0.103738431010194,NA,NA,NA,NA,NA
2023,"01","05-09 B Mineraalien kaivu",1560,124,470,0,2209,0.706201901312811,0.212765957446809,2841,287.752,196.162,116.485748218527,549.102428722281
2023,"02","10-12 Elintarviketeollisuus",1914,1760,422,261,4581,0.41781270464964,0.0921196245361275,13999,40.754,198.223,53.952912357104,136.72405171798
2023,"03","13-15 Tekstiili ja vaateteollisuus",106,67,16,0,223,0.475336322869955,0.0717488789237668,1198,0.997,46.931,271.277456647399,88.4808013355593
2023,"04","16-17 Metsäteollisuus",8776,4872,1577,2820,70939,0.12371192151003,0.0222303669349723,22177,88.694,693.051,50.7804073856975,395.72530098751
2023,"05","19-22 Kemianteollisuus",5984,3646,9020,808,21900,0.27324200913242,0.411872146118721,30950,1148.847,358.69,37.2471443406023,193.344103392569
2023,"06","24 Metallien jalostus",4937,1120,384,1626,19251,0.2564542101709,0.0199470157394421,13564,196.415,316.222,52.2076935776787,363.978177528753
2023,"07","25,28,29,30,33 Kone- ja metallituoteteollisuus",1918,1056,420,135,3581,0.535604579726333,0.117285674392628,39330,39.634,233.323,78.4542703429724,48.7668446478515
2023,"08","26-27 Elektroniikka- ja sähköteoll.",643,265,17,9,935,0.687700534759358,0.0181818181818182,19801,3.562,66.412,73.1409691629956,32.4731074188172
2023,"09","18,23,31,32 Muu tehdasteollisuus",946,321,839,288,3108,0.304375804375804,0.26994851994852,6453,65.202,115.347,91.0394632991318,146.598481326515
2023,"SS","Kaikki toimialat yhteensä",26785,13232,13165,5974,126727,0.211359852280887,0.103884728589803,NA,NA,NA,NA,NA
