"year","input","industry","name","direct","indirect","total"
2021,"sahko","B","Kaivostoiminta (B)",0.0671819226350057,0.0154853164557106,0.0826672390907163
2021,"sahko","C10TC12","Elintarvike (10-12)",0.0181636333690192,0.0216610389612517,0.0398246723302709
2021,"sahko","C13TC15","Tekstiili (13-15)",0.0170708041958042,0.00757720015990947,0.0246480043557137
2021,"sahko","C16","Puutuote (16)",0.0225114531138153,0.0126800685331892,0.0351915216470045
2021,"sahko","C17","Paperi (17)",0.0547796143250689,0.0212007739226902,0.075980388247759
2021,"sahko","C18","Painaminen (18)",0.0211103603603604,0.0152347916864499,0.0363451520468103
2021,"sahko","C19","Öljynjalostus (19)",0.00271835349660667,0.00425239071935847,0.00697074421596514
2021,"sahko","C20","Kemia (20)",0.0231803686240892,0.00944352209232751,0.0326238907164167
2021,"sahko","C21","Lääke (21)",0.00622814399251987,0.00373252826212745,0.00996067225464732
2021,"sahko","C22","Kumi ja muovi (22)",0.0664507862550961,0.0076063417295384,0.0740571279846345
2021,"sahko","C23","Mineraalituote (23)",0.0228508535489668,0.0156950026370564,0.0385458561860232
2021,"sahko","C24","Metallien jalostus (24)",0.0307623539982031,0.0147610833332487,0.0455234373314517
2021,"sahko","C25","Metallituote (25)",0.00814557475930866,0.0134464280316713,0.0215920027909799
2021,"sahko","C26","Elektroniikka (26)",0.00544139671170438,0.00472440165397572,0.0101657983656801
2021,"sahko","C27","Sähkölaite (27)",0.00518973335751859,0.00739101203572632,0.0125807453932449
2021,"sahko","C28","Kone (28)",0.00560871583589625,0.00749082957854553,0.0130995454144418
2021,"sahko","C29","Moottoriajoneuvo (29)",0.010115510013973,0.00775945421224757,0.0178749642262206
2021,"sahko","C30","Muu kulkuneuvo (30)",0.00647301464919044,0.0123570152333755,0.018830029882566
2021,"sahko","C31_C32","Huonekalu ja muu (31-32)",0.00847258883248731,0.00906318359485738,0.0175357724273447
2021,"sahko","C33","Korjaus ja asennus (33)",0.0117589869281046,0.007617766635072,0.0193767535631766
2021,"sahko","C","Teollisuus pl. öljynjalostus",0.0210101771459466,0.0122992228157076,0.0333093999616543
2021,"oljy","B","Kaivostoiminta (B)",0.0552933741861356,0.0116572376742926,0.0669506118604282
2021,"oljy","C10TC12","Elintarvike (10-12)",0.00462603969365066,0.0133283311800217,0.0179543708736724
2021,"oljy","C13TC15","Tekstiili (13-15)",0.00141520979020979,0.00399384701517383,0.00540905680538362
2021,"oljy","C16","Puutuote (16)",0.00049439274636125,0.0168928208015137,0.017387213547875
2021,"oljy","C17","Paperi (17)",0.00185091171454808,0.0142373916051521,0.0160883033197002
2021,"oljy","C18","Painaminen (18)",0.00248085585585586,0.00617974385459448,0.00866059971045034
2021,"oljy","C19","Öljynjalostus (19)",0.123924904101505,NA,NA
2021,"oljy","C20","Kemia (20)",0.00763180454350622,0.00559369904165968,0.0132255035851659
2021,"oljy","C21","Lääke (21)",0.00136933146330061,0.00159932046473162,0.00296865192803223
2021,"oljy","C22","Kumi ja muovi (22)",0.00196156086196855,0.00470165992352087,0.00666322078548942
2021,"oljy","C23","Mineraalituote (23)",0.0239853249475891,0.0122935184210359,0.036278843368625
2021,"oljy","C24","Metallien jalostus (24)",0.00766179994010183,0.00775378992275422,0.015415589862856
2021,"oljy","C25","Metallituote (25)",0.00099292425472683,0.00520225614098189,0.00619518039570872
2021,"oljy","C26","Elektroniikka (26)",0.000681751587172391,0.00196633798215028,0.00264808956932268
2021,"oljy","C27","Sähkölaite (27)",0.000569200072555777,0.00318552314861433,0.00375472322117011
2021,"oljy","C28","Kone (28)",0.00107137468809842,0.00341092842779881,0.00448230311589723
2021,"oljy","C29","Moottoriajoneuvo (29)",0.00194177922682813,0.00481864065922075,0.00676041988604888
2021,"oljy","C30","Muu kulkuneuvo (30)",0.00669930609097918,0.00570064270737421,0.0123999487983534
2021,"oljy","C31_C32","Huonekalu ja muu (31-32)",0.00121319796954315,0.00424561933954984,0.00545881730909299
2021,"oljy","C33","Korjaus ja asennus (33)",0.00265168845315904,0.00271983716307093,0.00537152561622997
2021,"oljy","C","Teollisuus pl. öljynjalostus",0.00354353910250294,0.00754396539612053,0.0110875044986235
2022,"sahko","B","Kaivostoiminta (B)",0.0817538252295138,0.0208666443227157,0.102620469552229
2022,"sahko","C10TC12","Elintarvike (10-12)",0.0234566777654458,0.023910819484779,0.0473674972502248
2022,"sahko","C13TC15","Tekstiili (13-15)",0.0334706336939722,0.00833588622725337,0.0418065199212255
2022,"sahko","C16","Puutuote (16)",0.0328912997682747,0.0157664372558301,0.0486577370241048
2022,"sahko","C17","Paperi (17)",0.0795882452288465,0.0243435460590427,0.103931791287889
2022,"sahko","C18","Painaminen (18)",0.020700408997955,0.0194572468564757,0.0401576558544307
2022,"sahko","C19","Öljynjalostus (19)",0.00344386990407674,0.00384107302792528,0.00728494293200202
2022,"sahko","C20","Kemia (20)",0.0237016084977238,0.00730408006472323,0.0310056885624471
2022,"sahko","C21","Lääke (21)",0.00820858113848768,0.00412771477120045,0.0123362959096881
2022,"sahko","C22","Kumi ja muovi (22)",0.0332632658292745,0.0103193047995957,0.0435825706288702
2022,"sahko","C23","Mineraalituote (23)",0.0364914089347079,0.0173340739113588,0.0538254828460667
2022,"sahko","C24","Metallien jalostus (24)",0.030237108708025,0.0128254547320965,0.0430625634401215
2022,"sahko","C25","Metallituote (25)",0.0109757970451011,0.0141370649249716,0.0251128619700727
2022,"sahko","C26","Elektroniikka (26)",0.00747833922506412,0.00624574586637794,0.0137240850914421
2022,"sahko","C27","Sähkölaite (27)",0.00578674857393594,0.00806940084763232,0.0138561494215683
2022,"sahko","C28","Kone (28)",0.00658832799000163,0.00897541503338474,0.0155637430233864
2022,"sahko","C29","Moottoriajoneuvo (29)",0.0130556586270872,0.00862265720006947,0.0216783158271567
2022,"sahko","C30","Muu kulkuneuvo (30)",0.01006827176781,0.0136548624004435,0.0237231341682535
2022,"sahko","C31_C32","Huonekalu ja muu (31-32)",0.00702111060119321,0.0106235291598897,0.0176446397610829
2022,"sahko","C33","Korjaus ja asennus (33)",0.0134798731397902,0.00829455480507101,0.0217744279448612
2022,"sahko","C","Teollisuus pl. öljynjalostus",0.0257579704876538,0.0132572038689752,0.039015174356629
2022,"oljy","B","Kaivostoiminta (B)",0.103468888133288,0.0241133383073983,0.127582226440686
2022,"oljy","C10TC12","Elintarvike (10-12)",0.00534539400665927,0.0239965039427538,0.0293418979494131
2022,"oljy","C13TC15","Tekstiili (13-15)",0.00155177743431221,0.00683890900951622,0.00839068644382843
2022,"oljy","C16","Puutuote (16)",0.000787234042553191,0.0281996951100739,0.0289869291526271
2022,"oljy","C17","Paperi (17)",0.003426335641502,0.0247204915786052,0.0281468272201072
2022,"oljy","C18","Painaminen (18)",0.00394887525562372,0.010249208212316,0.0141980834679397
2022,"oljy","C19","Öljynjalostus (19)",0.152299310551559,NA,NA
2022,"oljy","C20","Kemia (20)",0.0161953869499241,0.00690579460607917,0.0231011815560033
2022,"oljy","C21","Lääke (21)",0.00184706881903144,0.00266922672614959,0.00451629554518103
2022,"oljy","C22","Kumi ja muovi (22)",0.00297897974878236,0.00769281918877067,0.010671798937553
2022,"oljy","C23","Mineraalituote (23)",0.0300724292889241,0.0179142480341075,0.0479866773230316
2022,"oljy","C24","Metallien jalostus (24)",0.011418782014798,0.00899839167067724,0.0204171736854752
2022,"oljy","C25","Metallituote (25)",0.00163034603421462,0.00772537574979919,0.00935572178401381
2022,"oljy","C26","Elektroniikka (26)",0.00139037915020448,0.0037724294872845,0.00516280863748897
2022,"oljy","C27","Sähkölaite (27)",0.00101023840865877,0.00499620911814266,0.00600644752680143
2022,"oljy","C28","Kone (28)",0.00169934249850568,0.00580786293172466,0.00750720543023034
2022,"oljy","C29","Moottoriajoneuvo (29)",0.00375788497217069,0.00717344689180634,0.010931331863977
2022,"oljy","C30","Muu kulkuneuvo (30)",0.0157354881266491,0.0090326152412206,0.0247681033678697
2022,"oljy","C31_C32","Huonekalu ja muu (31-32)",0.00124552547039927,0.00677299663774081,0.00801852210814007
2022,"oljy","C33","Korjaus ja asennus (33)",0.00253598438643572,0.00402850555700961,0.00656448994344533
2022,"oljy","C","Teollisuus pl. öljynjalostus",0.0059749171984813,0.011949202355434,0.0179241195539153
2023,"sahko","B","Kaivostoiminta (B)",0.0703924674410419,0.0164254115087731,0.086817878949815
2023,"sahko","C10TC12","Elintarvike (10-12)",0.0155921137224087,0.0171188218850517,0.0327109356074604
2023,"sahko","C13TC15","Tekstiili (13-15)",0.0391761268781302,0.00658405248350885,0.0457601793616391
2023,"sahko","C16","Puutuote (16)",0.0270039024390244,0.0108818344167756,0.0378857368558
2023,"sahko","C17","Paperi (17)",0.0334002799626716,0.0134327119928535,0.0468329919555252
2023,"sahko","C18","Painaminen (18)",0.0128133068520357,0.0111879423834678,0.0240012492355036
2023,"sahko","C19","Öljynjalostus (19)",0.00506634982760227,0.002921707673385,0.00798805750098727
2023,"sahko","C20","Kemia (20)",0.0183648351648352,0.00517037578339199,0.0235352109482272
2023,"sahko","C21","Lääke (21)",0.00615117719950434,0.00347410917916421,0.00962528637866855
2023,"sahko","C22","Kumi ja muovi (22)",0.0241654481451395,0.00745884274856004,0.0316242908936995
2023,"sahko","C23","Mineraalituote (23)",0.0286993810786914,0.0141058740434348,0.0428052551221263
2023,"sahko","C24","Metallien jalostus (24)",0.0243885284576821,0.00899024988749112,0.0333787783451732
2023,"sahko","C25","Metallituote (25)",0.0119887431581122,0.0104444802464034,0.0224332234045156
2023,"sahko","C26","Elektroniikka (26)",0.00724110018997274,0.0043690136917117,0.0116101138816844
2023,"sahko","C27","Sähkölaite (27)",0.00461762412269301,0.00662589183936316,0.0112435159620562
2023,"sahko","C28","Kone (28)",0.00538824361175639,0.0070739435210743,0.0124621871328307
2023,"sahko","C29","Moottoriajoneuvo (29)",0.00879466666666667,0.00565229349408436,0.014446960160751
2023,"sahko","C30","Muu kulkuneuvo (30)",0.0143693534100974,0.0113364615277345,0.0257058149378319
2023,"sahko","C31_C32","Huonekalu ja muu (31-32)",0.00802143205065757,0.00845891886159277,0.0164803509122503
2023,"sahko","C33","Korjaus ja asennus (33)",0.0136230988593156,0.00651021776458932,0.0201333166239049
2023,"sahko","C","Teollisuus pl. öljynjalostus",0.016472894011306,0.0092002201793379,0.0256731141906439
2023,"oljy","B","Kaivostoiminta (B)",0.0752692713833157,0.0192153124978772,0.094484583881193
2023,"oljy","C10TC12","Elintarvike (10-12)",0.00286656189727838,0.0195490720352122,0.0224156339324905
2023,"oljy","C13TC15","Tekstiili (13-15)",0.00308430717863105,0.00662546940255365,0.0097097765811847
2023,"oljy","C16","Puutuote (16)",0.00551121951219512,0.0281869562621318,0.0336981757743269
2023,"oljy","C17","Paperi (17)",0.00424556725769897,0.0238118240612608,0.0280573913189598
2023,"oljy","C18","Painaminen (18)",0.00385501489572989,0.0101165872373219,0.0139716021330518
2023,"oljy","C19","Öljynjalostus (19)",0.0931526418786693,NA,NA
2023,"oljy","C20","Kemia (20)",0.0159457639135058,0.00604374159303445,0.0219895055065403
2023,"oljy","C21","Lääke (21)",0.00145064023130938,0.00292652559192657,0.00437716582323595
2023,"oljy","C22","Kumi ja muovi (22)",0.00167722718656918,0.00715131821158229,0.00882854539815147
2023,"oljy","C23","Mineraalituote (23)",0.0160073681108164,0.0150504536445289,0.0310578217553453
2023,"oljy","C24","Metallien jalostus (24)",0.0120749041580655,0.0077450352262987,0.0198199393843642
2023,"oljy","C25","Metallituote (25)",0.000842714034906537,0.00703808177730141,0.00788079581220795
2023,"oljy","C26","Elektroniikka (26)",0.000644255389444123,0.00323345470222295,0.00387771009166708
2023,"oljy","C27","Sähkölaite (27)",0.000538211593449441,0.00546990919075652,0.00600812078420596
2023,"oljy","C28","Kone (28)",0.00137637612362388,0.00567337747617076,0.00704975359979463
2023,"oljy","C29","Moottoriajoneuvo (29)",0.00162044444444444,0.00607820164190095,0.0076986460863454
2023,"oljy","C30","Muu kulkuneuvo (30)",0.00193563625627399,0.00628127894998532,0.00821691520625931
2023,"oljy","C31_C32","Huonekalu ja muu (31-32)",0.00134827082318558,0.00760003848379491,0.00894830930698049
2023,"oljy","C33","Korjaus ja asennus (33)",0.00203445817490494,0.00375218800911622,0.00578664618402116
2023,"oljy","C","Teollisuus pl. öljynjalostus",0.00491839316664351,0.0106346300330062,0.0155530231996497
