"year","input","industry","name","purchaser","basic","imported","taxes_margins","output","share_purchaser","share_basic","import_share","tax_margin_share"
2021,"oljy","C19","Öljynjalostus (19)",793.235,724.407,475.488,68.828,6778,0.117030835054588,0.106876217173207,0.656382392770915,0.0867687381419125
2021,"oljy","B","Kaivostoiminta (B)",203.138,143.139,89.706,59.999,2611,0.0778008425890463,0.0548215243201838,0.626705510028713,0.295360789217182
2021,"oljy","C23","Mineraalituote (23)",92.232,78.764,60.412,13.468,3339,0.027622641509434,0.0235890985324948,0.767000152353867,0.14602307225258
2021,"oljy","C30","Muu kulkuneuvo (30)",31.155,16.475,10.34,14.68,2594,0.0120104086353123,0.00635119506553585,0.627617602427921,0.471192424971915
2021,"oljy","C24","Metallien jalostus (24)",113.661,100.688,70.817,12.973,13356,0.00851010781671159,0.00753878406708595,0.703331082154775,0.114137654956405
2021,"oljy","C10TC12","Elintarvike (10-12)",66.528,51.583,26.033,14.945,12143,0.00547871201515276,0.00424796178868484,0.504681775003393,0.224642255892256
2021,"oljy","C","Teollisuus pl. öljynjalostus",428.048,351.516,247.896,76.532,125772,0.00340336481887861,0.00279486690201317,0.705219677055952,0.178793032557096
2021,"oljy","C20","Kemia (20)",39.641,33.456,27.481,6.185,11665,0.00339828546935276,0.00286806686669524,0.821407221425155,0.156025327312631
2021,"oljy","C33","Korjaus ja asennus (33)",10.499,8.417,7.744,2.082,3672,0.00285920479302832,0.00229221132897603,0.920042770583343,0.198304600438137
2021,"oljy","C18","Painaminen (18)",2.323,2.063,0.942,0.26,888,0.00261599099099099,0.0023231981981982,0.456616577799321,0.111924235901851
2021,"oljy","C29","Moottoriajoneuvo (29)",4.336,3.795,2.944,0.541,2147,0.00201956217978575,0.0017675826734979,0.775757575757576,0.124769372693727
2021,"oljy","C22","Kumi ja muovi (22)",6.646,5.499,1.239,1.147,3434,0.00193535235876529,0.00160133954571928,0.2253136933988,0.17258501354198
2021,"oljy","C17","Paperi (17)",25.564,21.61,19.073,3.954,15246,0.00167676767676768,0.00141742096287551,0.882600647848218,0.154670630574245
2021,"oljy","C31_C32","Huonekalu ja muu (31-32)",2.554,2.062,1.854,0.492,1970,0.00129644670050761,0.00104670050761421,0.899127061105723,0.192638997650744
2021,"oljy","C13TC15","Tekstiili (13-15)",1.447,1.198,0.493,0.249,1144,0.00126486013986014,0.0010472027972028,0.411519198664441,0.172080165860401
2021,"oljy","C28","Kone (28)",15.635,12.773,10.852,2.862,17233,0.000907270933673765,0.00074119422039111,0.849604634776482,0.183050847457627
2021,"oljy","C25","Metallituote (25)",7.674,6.342,2.305,1.332,8621,0.000890151954529637,0.000735645516761397,0.363450015767897,0.17357310398749
2021,"oljy","C21","Lääke (21)",1.416,1.166,0.5,0.25,2139,0.000661991584852735,0.000545114539504441,0.428816466552316,0.176553672316384
2021,"oljy","C27","Sähkölaite (27)",3.17,2.576,2.199,0.594,5513,0.000575004534736078,0.000467259205514239,0.853649068322981,0.187381703470031
2021,"oljy","C16","Puutuote (16)",3.555,3.039,2.658,0.516,8382,0.000424123120973515,0.000362562634216178,0.874629812438302,0.145147679324895
2021,"oljy","C26","Elektroniikka (26)",0.012,0.01,0.01,0.002,12286,9.76721471593684e-07,8.13934559661403e-07,1,0.166666666666667
2022,"oljy","C19","Öljynjalostus (19)",2209.7,2000.146,963.796,209.554,13344,0.165595023980815,0.149891037170264,0.481862824013847,0.0948336878309272
2022,"oljy","B","Kaivostoiminta (B)",355.006,300.655,160.312,54.351,2941,0.120709282556953,0.102228833730024,0.533209160000665,0.153098820864999
2022,"oljy","C23","Mineraalituote (23)",119.615,111.776,84.21,7.839,3783,0.031619085381972,0.0295469204335184,0.753381763527054,0.0655352589558166
2022,"oljy","C30","Muu kulkuneuvo (30)",57.954,45.252,25.815,12.702,3032,0.0191141160949868,0.0149248021108179,0.570472023335985,0.219173827518377
2022,"oljy","C24","Metallien jalostus (24)",231.776,206.624,150.901,25.152,17570,0.0131915765509391,0.0117600455321571,0.730316904135047,0.108518569653459
2022,"oljy","C20","Kemia (20)",104.551,98.028,41.803,6.523,16475,0.00634603945371775,0.0059501062215478,0.426439384665606,0.062390603628851
2022,"oljy","C10TC12","Elintarvike (10-12)",75.373,64.708,36.635,10.665,13515,0.00557698853126156,0.00478786533481317,0.566158743895654,0.14149629177557
2022,"oljy","C","Teollisuus pl. öljynjalostus",724.992,648.533,426.389,76.459,148548,0.00488052346716213,0.00436581441688882,0.65746692920792,0.105461853372175
2022,"oljy","C18","Painaminen (18)",3.851,3.659,1.573,0.192,978,0.00393762781186094,0.00374130879345603,0.429898879475266,0.0498571799532589
2022,"oljy","C29","Moottoriajoneuvo (29)",7.723,7.217,5.863,0.506,2156,0.00358209647495362,0.0033474025974026,0.812387418594984,0.0655185808623592
2022,"oljy","C17","Paperi (17)",54.949,49.846,37.761,5.103,17763,0.00309345268254236,0.00280617012891966,0.757553264053284,0.0928679320824765
2022,"oljy","C22","Kumi ja muovi (22)",8.529,7.648,4.573,0.881,3901,0.00218636247116124,0.00196052294283517,0.59793410041841,0.103294641810294
2022,"oljy","C33","Korjaus ja asennus (33)",8.188,7.657,7.332,0.531000000000001,4099,0.00199756038058063,0.00186801658941205,0.957555178268251,0.0648510014655594
2022,"oljy","C13TC15","Tekstiili (13-15)",1.601,1.323,0.832,0.278,1294,0.00123724884080371,0.00102241112828439,0.628873771730915,0.173641474078701
2022,"oljy","C25","Metallituote (25)",12.506,11.347,5.074,1.159,10288,0.00121559097978227,0.00110293545878694,0.447166651978497,0.0926755157524389
2022,"oljy","C31_C32","Huonekalu ja muu (31-32)",2.497,2.189,1.94,0.308,2179,0.00114593850390087,0.00100458926112896,0.886249428962997,0.123348017621145
2022,"oljy","C28","Kone (28)",20.906,18.288,13.177,2.618,18403,0.00113601043308156,0.000993751018855621,0.720527121609799,0.125227207500239
2022,"oljy","C27","Sähkölaite (27)",6.927,5.733,3.925,1.194,6837,0.00101316366827556,0.000838525669153137,0.68463282748997,0.172368990905154
2022,"oljy","C21","Lääke (21)",1.915,1.704,0.626,0.211,2354,0.000813508920985556,0.000723874256584537,0.367370892018779,0.110182767624021
2022,"oljy","C16","Puutuote (16)",6.112,5.516,4.331,0.596,9494,0.000643775015799452,0.000580998525384453,0.785170413343002,0.0975130890052356
2022,"oljy","C26","Elektroniikka (26)",0.019,0.018,0.018,0.001,14427,1.31697511610175e-06,1.24766063630692e-06,1,0.0526315789473685
2023,"oljy","C19","Öljynjalostus (19)",1099.313,971.951,619.809,127.362,10731,0.102442735998509,0.0905741310222719,0.637695727459512,0.115855993697882
2023,"oljy","B","Kaivostoiminta (B)",287.752,210.929,111.351,76.823,2841,0.101285462865188,0.0742446321717705,0.527907494939055,0.266976424143012
2023,"oljy","C23","Mineraalituote (23)",58.584,50.841,40.784,7.743,3393,0.0172661361626879,0.0149840848806366,0.802187211109144,0.132169192953708
2023,"oljy","C24","Metallien jalostus (24)",196.415,171.839,132.594,24.576,13564,0.0144806104393984,0.0126687555293424,0.771617618817614,0.125122826668024
2023,"oljy","C16","Puutuote (16)",53.976,37.648,22.9,16.328,7175,0.00752278745644599,0.00524710801393728,0.608266043348916,0.302504816955684
2023,"oljy","C18","Painaminen (18)",4.094,3.727,1.845,0.367,1007,0.00406554121151937,0.00370109235352532,0.495036222162597,0.0896433805569126
2023,"oljy","C","Teollisuus pl. öljynjalostus",484.792,405.899,295.21,78.893,136741,0.00354533022283002,0.00296837817479761,0.727299155701295,0.162735771217347
2023,"oljy","C20","Kemia (20)",45.158,39.467,29.416,5.691,14105,0.00320155973059199,0.00279808578518256,0.745331542807915,0.126024181761814
2023,"oljy","C10TC12","Elintarvike (10-12)",40.754,31.143,16.767,9.611,13999,0.00291120794342453,0.00222465890420744,0.538387438589731,0.235829611817245
2023,"oljy","C17","Paperi (17)",34.718,29.458,18.726,5.26000000000001,15002,0.00231422477003066,0.00196360485268631,0.635684703645869,0.151506423181059
2023,"oljy","C30","Muu kulkuneuvo (30)",6.661,4.666,2.85,1.995,3387,0.00196663714201358,0.00137762031296132,0.610801543077582,0.299504578892058
2023,"oljy","C29","Moottoriajoneuvo (29)",3.803,3.231,2.714,0.572,2250,0.00169022222222222,0.001436,0.83998761993191,0.150407572968709
2023,"oljy","C33","Korjaus ja asennus (33)",7.056,6.244,5.984,0.812,4208,0.00167680608365019,0.00148384030418251,0.9583600256246,0.115079365079365
2023,"oljy","C31_C32","Huonekalu ja muu (31-32)",2.524,2.24,2.138,0.284,2053,0.00122942036044812,0.00109108621529469,0.954464285714286,0.112519809825673
2023,"oljy","C22","Kumi ja muovi (22)",4.303,3.552,2.47,0.751,3693,0.00116517736257785,0.000961819658813972,0.695382882882883,0.174529398094353
2023,"oljy","C28","Kone (28)",16.846,13.84,10.826,3.006,19802,0.000850722149277851,0.000698919301080699,0.782225433526012,0.178439985753295
2023,"oljy","C13TC15","Tekstiili (13-15)",0.997,0.6,0.122,0.397,1198,0.000832220367278798,0.000500834724540901,0.203333333333333,0.398194583751254
2023,"oljy","C25","Metallituote (25)",5.268,4.357,2.574,0.911,9683,0.000544046266652897,0.000449963854177424,0.590773467982557,0.172930903568717
2023,"oljy","C27","Sähkölaite (27)",3.541,2.964,2.418,0.577,7694,0.000460228749675071,0.000385235248245386,0.815789473684211,0.162948319683705
2023,"oljy","C21","Lääke (21)",0.073,0.064,0.064,0.00899999999999999,2421,3.0152829409335e-05,2.64353572903759e-05,1,0.123287671232877
2023,"oljy","C26","Elektroniikka (26)",0.021,0.018,0.018,0.003,12107,1.7345337408111e-06,1.48674320640952e-06,1,0.142857142857143
2021,"sahko","C22","Kumi ja muovi (22)",242.53,230.128,28.846,12.402,3434,0.0706260920209668,0.0670145602795574,0.125347632621845,0.0511359419453264
2021,"sahko","B","Kaivostoiminta (B)",177.974,166.044,26.128,11.93,2611,0.0681631558789736,0.0635940252776714,0.157355881573559,0.0670322631395596
2021,"sahko","C17","Paperi (17)",881.63,833.537,112.873,48.093,15246,0.0578269710087892,0.0546725042634134,0.135414504695053,0.0545500947109331
2021,"sahko","C24","Metallien jalostus (24)",398.942,375.834,54.667,23.108,13356,0.0298698712189278,0.0281397124887691,0.145455174358892,0.0579232068822034
2021,"sahko","C20","Kemia (20)",283.34,266.914,38.613,16.426,11665,0.0242897556793828,0.0228816116588084,0.144664573607979,0.0579727535822686
2021,"sahko","C16","Puutuote (16)",193.934,185.908,19.008,8.02600000000001,8382,0.0231369601527082,0.02217943211644,0.102244120747897,0.0413852135262513
2021,"sahko","C23","Mineraalituote (23)",77.056,72.531,8.471,4.52499999999999,3339,0.0230775681341719,0.021722371967655,0.116791440901132,0.0587235257475082
2021,"sahko","C18","Painaminen (18)",18.375,17.56,2.183,0.815000000000001,888,0.0206925675675676,0.0197747747747748,0.124316628701595,0.0443537414965987
2021,"sahko","C","Teollisuus pl. öljynjalostus",2596.823,2460.33,317.356,136.493,125772,0.0206470677098241,0.0195618261616258,0.128989200635687,0.0525615338434695
2021,"sahko","C10TC12","Elintarvike (10-12)",219.97,210.108,23.201,9.86199999999999,12143,0.0181149633533723,0.0173028082022564,0.110424162811506,0.0448333863708687
2021,"sahko","C13TC15","Tekstiili (13-15)",19.876,19.055,1.941,0.821000000000002,1144,0.0173741258741259,0.0166564685314685,0.10186302807662,0.0413060978063998
2021,"sahko","C29","Moottoriajoneuvo (29)",19.9,19.251,1.479,0.648999999999997,2147,0.00926874708896134,0.00896646483465301,0.076827177808945,0.032613065326633
2021,"sahko","C31_C32","Huonekalu ja muu (31-32)",13.934,13.283,1.514,0.651,1970,0.00707309644670051,0.00674263959390863,0.113980275540164,0.0467202526194919
2021,"sahko","C25","Metallituote (25)",58.18,55.263,6.457,2.917,8621,0.00674863704906623,0.00641027723001972,0.116841286213199,0.0501375042970093
2021,"sahko","C30","Muu kulkuneuvo (30)",15.922,15.192,1.437,0.73,2594,0.00613801079414032,0.00585659213569776,0.0945892575039494,0.045848511493531
2021,"sahko","C21","Lääke (21)",12.267,11.779,1.103,0.488,2139,0.00573492286115007,0.0055067788686302,0.0936412259105187,0.0397815276758783
2021,"sahko","C27","Sähkölaite (27)",27.279,25.819,3.29,1.46,5513,0.00494812261926356,0.00468329403228732,0.1274255393315,0.0535210234979288
2021,"sahko","C28","Kone (28)",73.21,69.807,7.549,3.40299999999999,17233,0.00424824464689839,0.00405077467649278,0.108141017376481,0.0464827209397622
2021,"sahko","C26","Elektroniikka (26)",32.15,30.366,4.042,1.784,12286,0.00261679960931141,0.00247159368386782,0.133109398669565,0.0554898911353032
2021,"sahko","C33","Korjaus ja asennus (33)",8.328,7.995,0.682,0.332999999999999,3672,0.00226797385620915,0.00217728758169935,0.0853033145716073,0.0399855907780979
2021,"sahko","C19","Öljynjalostus (19)",5.681,5.52,0.386,0.161,6778,0.000838152847447625,0.000814399527884332,0.0699275362318841,0.02834008097166
2022,"sahko","C17","Paperi (17)",1464.602,1416.107,238.308,48.4950000000001,17763,0.0824524010583798,0.0797222879018184,0.16828389380181,0.0331113845263082
2022,"sahko","B","Kaivostoiminta (B)",231.604,221.408,44.756,10.196,2941,0.0787500850051003,0.0752832369942197,0.202142650672062,0.0440234192846411
2022,"sahko","C23","Mineraalituote (23)",136.244,131.126,22.806,5.11799999999999,3783,0.0360148030663495,0.0346619085381972,0.173924317069079,0.0375649569889316
2022,"sahko","C13TC15","Tekstiili (13-15)",44.354,42.802,6.975,1.552,1294,0.0342766615146832,0.0330772797527048,0.162959674781552,0.0349912071064616
2022,"sahko","C22","Kumi ja muovi (22)",132.465,127.883,22.42,4.58200000000001,3901,0.0339566777749295,0.0327821071520123,0.175316500238499,0.0345902691276942
2022,"sahko","C16","Puutuote (16)",317.75,307.532,49.914,10.218,9494,0.0334685064251106,0.0323922477354118,0.162305060936748,0.0321573564122739
2022,"sahko","C24","Metallien jalostus (24)",505.309,481.194,91.787,24.115,17570,0.0287597609561753,0.0273872509960159,0.190748429947173,0.0477232742737612
2022,"sahko","C","Teollisuus pl. öljynjalostus",3683.323,3551.731,603.514,131.592,148548,0.0247955071761316,0.0239096520989848,0.169921089181585,0.0357264350696369
2022,"sahko","C20","Kemia (20)",385.312,371.986,67.276,13.326,16475,0.0233876783004552,0.0225788163884674,0.180856268784309,0.0345849597209535
2022,"sahko","C10TC12","Elintarvike (10-12)",312.926,302.199,46.35,10.727,13515,0.0231539770625231,0.0223602663706992,0.153375755710641,0.0342796699539187
2022,"sahko","C18","Painaminen (18)",19,18.381,3.202,0.619,978,0.0194274028629857,0.0187944785276074,0.174201621239323,0.032578947368421
2022,"sahko","C29","Moottoriajoneuvo (29)",27.795,27.053,3.243,0.742000000000001,2156,0.0128919294990724,0.0125477736549165,0.119875799356818,0.0266954488217306
2022,"sahko","C30","Muu kulkuneuvo (30)",29.511,28.318,4.424,1.193,3032,0.00973317941952507,0.00933970976253298,0.156225722155519,0.0404256040120632
2022,"sahko","C25","Metallituote (25)",83.164,80.192,13.308,2.97200000000001,10288,0.00808359253499222,0.00779471228615863,0.165951715881883,0.0357366168053486
2022,"sahko","C33","Korjaus ja asennus (33)",30.906,30.03,3.575,0.875999999999998,4099,0.00753988777750671,0.00732617711636985,0.119047619047619,0.0283440108716753
2022,"sahko","C21","Lääke (21)",17.135,16.579,2.463,0.556000000000001,2354,0.00727909940526763,0.0070429056924384,0.148561433138307,0.0324482054274877
2022,"sahko","C27","Sähkölaite (27)",35.998,34.698,5.51,1.3,6837,0.0052651747842621,0.00507503290917069,0.158798778027552,0.0361131173954108
2022,"sahko","C28","Kone (28)",91.211,87.991,13.547,3.22,18403,0.00495631147095582,0.00478133999891322,0.153958927617597,0.0353027595355823
2022,"sahko","C31_C32","Huonekalu ja muu (31-32)",9.144,8.835,1.437,0.308999999999999,2179,0.00419642037631941,0.0040546122074346,0.162648556876061,0.0337926509186351
2022,"sahko","C26","Elektroniikka (26)",40.497,38.825,6.969,1.672,14427,0.0028070284882512,0.00269113467803424,0.179497746297489,0.0412870089142405
2022,"sahko","C19","Öljynjalostus (19)",19.56,19.374,0.976,0.186,13344,0.0014658273381295,0.00145188848920863,0.0503767936409621,0.00950920245398773
2023,"sahko","B","Kaivostoiminta (B)",196.162,185.612,5.64,10.55,2841,0.0690468145019359,0.0653333333333333,0.0303859664245846,0.0537820780783231
2023,"sahko","C13TC15","Tekstiili (13-15)",46.931,45.889,0.579,1.04199999999999,1198,0.0391744574290484,0.038304674457429,0.0126174028634313,0.0222028083782573
2023,"sahko","C17","Paperi (17)",496.625,475.573,11.947,21.052,15002,0.033103919477403,0.031700639914678,0.0251212747569774,0.0423901334004531
2023,"sahko","C23","Mineraalituote (23)",94.914,90.098,1.932,4.816,3393,0.027973474801061,0.0265540819333923,0.0214433172767431,0.0507406705017174
2023,"sahko","C16","Puutuote (16)",196.426,188.929,4.375,7.49699999999999,7175,0.0273764459930314,0.0263315679442509,0.0231568472812538,0.038167045095863
2023,"sahko","C22","Kumi ja muovi (22)",87.464,84.12,1.969,3.34399999999999,3693,0.0236837259680477,0.0227782290820471,0.0234070375653828,0.0382328729534436
2023,"sahko","C24","Metallien jalostus (24)",316.222,299.499,7.917,16.723,13564,0.0233133294013565,0.0220804335004424,0.026434145022187,0.0528837335795737
2023,"sahko","C20","Kemia (20)",251.719,239.82,6.107,11.899,14105,0.0178460829493088,0.0170024813895782,0.0254649320323576,0.0472709648457208
2023,"sahko","C","Teollisuus pl. öljynjalostus",2020.333,1933.166,45.82,87.167,136741,0.0147748882924653,0.0141374276917676,0.0237020514534189,0.0431448677025025
2023,"sahko","C10TC12","Elintarvike (10-12)",198.223,190.785,3.667,7.43800000000002,13999,0.0141597971283663,0.0136284734623902,0.0192205886206987,0.0375233953678434
2023,"sahko","C30","Muu kulkuneuvo (30)",46.079,44.267,1.024,1.812,3387,0.0136046648951875,0.0130696781812814,0.0231323559310547,0.039323770047093
2023,"sahko","C18","Painaminen (18)",10.869,10.408,0.272,0.461,1007,0.0107934458788481,0.0103356504468719,0.0261337432744043,0.042414205538688
2023,"sahko","C25","Metallituote (25)",83.361,79.836,1.987,3.52500000000001,9683,0.00860900547351028,0.00824496540328411,0.0248885214690115,0.0422859610609278
2023,"sahko","C29","Moottoriajoneuvo (29)",19.344,18.768,0.32,0.576000000000001,2250,0.00859733333333333,0.00834133333333333,0.0170502983802217,0.0297766749379653
2023,"sahko","C33","Korjaus ja asennus (33)",22.435,21.681,0.413,0.753999999999998,4208,0.00533151140684411,0.0051523288973384,0.019048936857156,0.0336082014709159
2023,"sahko","C21","Lääke (21)",11.641,11.237,0.208,0.404,2421,0.00480834365964478,0.00464147046674928,0.0185102785440954,0.034704922257538
2023,"sahko","C31_C32","Huonekalu ja muu (31-32)",9.564,9.161,0.232,0.403,2053,0.00465854846566001,0.00446225036531905,0.025324746206746,0.0421371810957759
2023,"sahko","C27","Sähkölaite (27)",28.141,26.988,0.616,1.153,7694,0.00365752534442423,0.00350766831297115,0.0228249592411442,0.0409722468995415
2023,"sahko","C26","Elektroniikka (26)",38.271,36.368,0.939,1.903,12107,0.00316106384736103,0.00300388205170562,0.0258194016717994,0.0497243343523817
2023,"sahko","C28","Kone (28)",62.104,59.739,1.316,2.365,19802,0.00313624886375114,0.00301681648318352,0.0220291601801168,0.038081283009146
2023,"sahko","C19","Öljynjalostus (19)",7.866,7.676,0.109,0.19,10731,0.00073301649426894,0.000715310781846985,0.0142001042209484,0.0241545893719806
