"toimiala","sahko_suora_oh","sahko_suora_ph","sahko_suora_pt","sahko_kokonais_ph","oljy_suora_oh","oljy_suora_ph","oljy_suora_pt","oljy_kokonais_ph","oljy_tuontiosuus"
"Kaivostoiminta (B)",6.9,6.53,7.04,8.68,10.13,7.42,7.53,9.45,53
"Elintarvike (10-12)",1.42,1.36,1.56,3.27,0.29,0.22,0.29,2.24,54
"Tekstiili (13-15)",3.92,3.83,3.92,4.58,0.08,0.05,0.31,0.97,20
"Puutuote (16)",2.74,2.63,2.7,3.79,0.75,0.52,0.55,3.37,61
"Paperi (17)",3.31,3.17,3.34,4.68,0.23,0.2,0.42,2.81,64
"Painaminen (18)",1.08,1.03,1.28,2.4,0.41,0.37,0.39,1.4,50
"Öljynjalostus (19)",0.07,0.07,0.51,0.8,10.24,9.06,9.32,NA,64
"Kemia (20)",1.78,1.7,1.84,2.35,0.32,0.28,1.59,2.2,75
"Lääke (21)",0.48,0.46,0.62,0.96,0,0,0.15,0.44,100
"Kumi ja muovi (22)",2.37,2.28,2.42,3.16,0.12,0.1,0.17,0.88,70
"Mineraalituote (23)",2.8,2.66,2.87,4.28,1.73,1.5,1.6,3.11,80
"Metallien jalostus (24)",2.33,2.21,2.44,3.34,1.45,1.27,1.21,1.98,77
"Metallituote (25)",0.86,0.82,1.2,2.24,0.05,0.04,0.08,0.79,59
"Elektroniikka (26)",0.32,0.3,0.72,1.16,0,0,0.06,0.39,100
"Sähkölaite (27)",0.37,0.35,0.46,1.12,0.05,0.04,0.05,0.6,82
"Kone (28)",0.31,0.3,0.54,1.25,0.09,0.07,0.14,0.7,78
"Moottoriajoneuvo (29)",0.86,0.83,0.88,1.44,0.17,0.14,0.16,0.77,84
"Muu kulkuneuvo (30)",1.36,1.31,1.44,2.57,0.2,0.14,0.19,0.82,61
"Huonekalu ja muu (31-32)",0.47,0.45,0.8,1.65,0.12,0.11,0.13,0.89,95
"Korjaus ja asennus (33)",0.53,0.52,1.36,2.01,0.17,0.15,0.2,0.58,96
"Teollisuus pl. öljynjalostus",1.48,1.41,1.65,2.57,0.35,0.3,0.49,1.56,73
